raw_text,citation_type,title,authors,year,journal,volume,issue,pages,doi,isbn,book_title,publisher,url,date_accessed,verification_status,confidence,matched_title,matched_authors,matched_venue,matched_doi,source_url,source,notes,elapsed_seconds,input_tokens,output_tokens,web_search_calls,token_cost_usd,web_search_cost_usd,cost_usd
"Cheong, Yeilim and Stephan Haggard. 2023. ""Political Polarization in Korea."" Democratization 30 (7): 1215-1239.",journal_article,Political Polarization in Korea,"Cheong, Yeilim | Haggard, Stephan",2023,Democratization,30,7,1215-1239,,,,,,,verified,1.0,Political polarization in Korea,Yeilim Cheong | Stephan Haggard,Democratization,10.1080/13510347.2023.2217762,https://doi.org/10.1080/13510347.2023.2217762,crossref_title_static,Verified via static CrossRef title search (score: 1.00),92.04,0,0,0,0.0,0.0,0.0
"Cho, Joan E., and Aram Hur. 2025. ""The Perils of South Korean Democracy."" Journal of Democracy 36 (2): 38-46.",journal_article,The Perils of South Korean Democracy,"Cho, Joan E. | Hur, Aram",2025,Journal of Democracy,36,2,38-46,,,,,,,verified,1.0,The Perils of South Korean Democracy,Joan E. Cho | Aram Hur,Journal of Democracy,10.1353/jod.2025.a954560,https://doi.org/10.1353/jod.2025.a954560,crossref_title_static,Verified via static CrossRef title search (score: 1.00),92.24,0,0,0,0.0,0.0,0.0
"Ghitza, Yair, Andrew Gelman, and Jonathan Auerbach. 2023. ""The Great Society, Reagan's Revolution, and Generations of Presidential Voting."" American Journal of Political Science 67(3): 520-537.",journal_article,"The Great Society, Reagan's Revolution, and Generations of Presidential Voting","Ghitza, Yair | Gelman, Andrew | Auerbach, Jonathan",2023,American Journal of Political Science,67,3,520-537,,,,,,,verified,1.0,"The Great Society, Reagan's Revolution, and Generations of Presidential Voting",Yair Ghitza | Andrew Gelman | Jonathan Auerbach,American Journal of Political Science,10.1111/ajps.12713,https://doi.org/10.1111/ajps.12713,crossref_title_static,Verified via static CrossRef title search (score: 1.00),92.68,0,0,0,0.0,0.0,0.0
"Han, Seungwoo. 2025. ""Martial Law, Democratic Erosion, and Democratic Resilience in South Korea."" Asian Journal of Comparative Politics.",journal_article,"Martial Law, Democratic Erosion, and Democratic Resilience in South Korea","Han, Seungwoo",2025,Asian Journal of Comparative Politics,,,,,,,,,,verified,1.0,"Martial law, democratic erosion, and democratic resilience in South Korea",Seungwoo Han,Asian Journal of Comparative Politics,10.1177/20578911251369983,https://doi.org/10.1177/20578911251369983,crossref_title_static,Verified via static CrossRef title search (score: 1.00),93.11,0,0,0,0.0,0.0,0.0
"Hong, Ji Yeon, and Christopher Paik. 2021. ""Hate Thy Communist Neighbor: Protestants and Politics in South Korea."" Journal of Economic Behavior & Organization 186: 707-723.",journal_article,Hate Thy Communist Neighbor: Protestants and Politics in South Korea,"Hong, Ji Yeon | Paik, Christopher",2021,Journal of Economic Behavior & Organization,186,,707-723,,,,,,,verified,1.0,Hate thy communist neighbor: Protestants and politics in South Korea,Ji Yeon Hong | Christopher Paik,Journal of Economic Behavior &amp; Organization,10.1016/j.jebo.2020.11.004,https://doi.org/10.1016/j.jebo.2020.11.004,crossref_title_static,Verified via static CrossRef title search (score: 1.00),93.4,0,0,0,0.0,0.0,0.0
"Hur, Aram. 2025. ""South Korea's Democracy at a Crossroads."" Korea Observer 56(1): 1-18.",journal_article,South Korea's Democracy at a Crossroads,"Hur, Aram",2025,Korea Observer,56,1,1-18,,,,,,,verified,0.99,South Korea's Democracy at a Crossroads, | Aram Hur Hur,Korea Observer - Institute of Korean Studies,10.29152/koiks.2025.56.1.1,https://doi.org/10.29152/koiks.2025.56.1.1,crossref_title_static,Verified via static CrossRef title search (score: 0.99),93.83,0,0,0,0.0,0.0,0.0
"Hur, Aram, and Andrew Yeo. 2024. ""Democratic Ceilings: The Long Shadow of Nationalist Polarization in East Asia."" Comparative Political Studies 57(4): 584-612.",journal_article,Democratic Ceilings: The Long Shadow of Nationalist Polarization in East Asia,"Hur, Aram | Yeo, Andrew",2024,Comparative Political Studies,57,4,584-612,,,,,,,verified,1.0,Democratic Ceilings: The Long Shadow of Nationalist Polarization in East Asia,Aram Hur | Andrew Yeo,Comparative Political Studies,10.1177/00104140231178724,https://doi.org/10.1177/00104140231178724,crossref_title_static,Verified via static CrossRef title search (score: 1.00),94.41,0,0,0,0.0,0.0,0.0
"Jang, Sung-Min and Doh Chull Shin. 2021. ""The Rise of Generational Politics in South Korea."" The Pacific Review 34(5): 791-817.",journal_article,The Rise of Generational Politics in South Korea,"Jang, Sung-Min | Shin, Doh Chull",2021,The Pacific Review,34,5,791-817,,,,,,,not_found,0.95,,,,,,web_search,"Exact-title/author and journal-volume-page searches did not locate a primary record confirming this article. The Pacific Review and volume 34 (2021) are real, but the cited title, authors, and pagination could not be verified from primary bibliographic sources.",218.22,41034,1347,3,0.009823,0.03,0.039823
"Kang, Won-Taek. 2020. ""Religion, Social Conservatism, and Democratic Discontent in Korea."" Democratization 27(6): 1021-1041.",journal_article,"Religion, Social Conservatism, and Democratic Discontent in Korea","Kang, Won-Taek",2020,Democratization,27,6,1021-1041,,,,,,,not_found,0.95,,,,,,web_search,"The journal and issue are real, but the cited article was not confirmed by an authoritative publisher, Crossref, or journal record after both exact-title and coordinate searches.",218.16,41049,1079,3,0.009505,0.03,0.039505
"Kim, Jibum, et al. 2025. Korean General Social Survey (KGSS), 2003-2025 Cumulative Dataset. Seoul, Korea: Sungkyunkwan University Survey Research Center.",book,"Korean General Social Survey (KGSS), 2003-2025 Cumulative Dataset","Kim, Jibum",2025,,,,,,,,Sungkyunkwan University Survey Research Center,,,verified,0.99,Korean General Social Survey 2003-2025,,Sungkyunkwan University,,https://kgss.skku.edu/kgss/data.do,web_search,"The title wording differs slightly from the official title, but the dataset identity, 2003–2025 coverage, institutional source, and lead author match. No DOI was established for the cited institutional citation; the ICPSR DOI was not used as the matched DOI.",217.24,35311,1236,1,0.008545,0.01,0.018545
"Koo, Hagen. 1993. State and Society in Contemporary Korea. Ithaca, New York: Cornell University Press.",book,State and Society in Contemporary Korea,"Koo, Hagen",1993,,,,,,080142867X,,Cornell University Press,,,minor_error,1.0,State and Society in Contemporary Korea,"Hagen Koo, editor",Cornell University Press,,,web_search,"The book exists and was published by Cornell University Press in 1993. Hagen Koo is the editor rather than the sole author; the citation should read approximately: Koo, Hagen, ed. 1993. State and Society in Contemporary Korea. Ithaca, NY: Cornell University Press.",218.11,31679,1294,2,0.007889,0.02,0.027889
"Lee, Eunwoo. 2025. ""Angry Young Men Amid South Korea's Impeachment Turmoil."" The Diplomat. February 10, 2025.",web,Angry Young Men Amid South Korea's Impeachment Turmoil,"Lee, Eunwoo",2025,The Diplomat,,,,,,,,,,verified,0.98,Angry Young Men Amid South Korea’s Impeachment Turmoil,Eunwoo Lee,The Diplomat,,,web_search,"The official article URL was identified as https://thediplomat.com/2025/02/angry-young-men-amid-south-koreas-impeachment-turmoil/, but it could not be supplied as a verified source URL because the direct page returned an access error rather than readable article content. The official The Diplomat tag page independently confirms the title and author. The apostrophe difference is purely typographic.",226.32,41831,1135,2,0.009728,0.02,0.029728
"Lee, Michelle Ye Hee. 2025. ""Charlie Kirk's Death has Fired Up South Korea's 'MAGA' Conservatives."" Washington Post. October 3, 2025.",web,Charlie Kirk's Death has Fired Up South Korea's 'MAGA' Conservatives,"Lee, Michelle Ye Hee",2025,Washington Post,,,,,,,,,,minor_error,1.0,How Charlie Kirk’s death galvanized South Korea’s ‘MAGA’ conservatives,Michelle Ye Hee Lee | So Jin Jung,The Washington Post,,https://www.washingtonpost.com/world/2025/10/03/charlie-kirk-south-korea-conservatives-maga/,web_search,"The citation identifies the same underlying Washington Post article. The headline wording is an apparent revision of the same article, and the cited date matches the official page dated October 3, 2025. The concrete error is omission of co-author So Jin Jung.",219.23,37157,1275,1,0.008961,0.01,0.018961
"Lee, Nae-Young. 2018. ""Youth Disillusionment and Democratic Fatigue in South Korea."" Democratization 25(6): 1035-1052.",journal_article,Youth Disillusionment and Democratic Fatigue in South Korea,"Lee, Nae-Young",2018,Democratization,25,6,1035-1052,,,,,,,hallucination,0.99,Fighting your friends? A study of intra-party violence in Sub-Saharan Africa,Bryce W. Reeder | Merete Bech Seeberg,Democratization,,https://www.tandfonline.com/toc/fdem20/25/6?nav=tocList,web_search,"The citation combines a title and author not present in the cited issue with real journal, volume, issue, and page coordinates belonging to a different work. The matched article occupies pages 1033–1051; page 1052 begins “The Party Paradox: a Comment.”",239.47,49376,1418,4,0.011577,0.04,0.051577
"Lee, Namhee. 2011. The Making of Minjung: Democracy and the Politics of Representation in South Korea. Ithaca, New York: Cornell University Press.",book,The Making of Minjung: Democracy and the Politics of Representation in South Korea,"Lee, Namhee",2011,,,,,,9780801475733,,Cornell University Press,,,verified,1.0,The Making of Minjung: Democracy and the Politics of Representation in South Korea,Namhee Lee,,10.7591/9780801461699,,crossref_title_static,Verified via static CrossRef title search (score: 1.00),96.65,0,0,0,0.0,0.0,0.0
"Lee, Yoonkyung. 2025. ""We are Each Other's Democracy: The Emergence of New Political Subjectivities and Solidarities during the Anti-Martial Law Protests in South Korea."" Critical Asian Studies 57(3): 375-391.",journal_article,We are Each Other's Democracy: The Emergence of New Political Subjectivities and Solidarities during the Anti-Martial Law Protests in South Korea,"Lee, Yoonkyung",2025,Critical Asian Studies,57,3,375-391,,,,,,,verified,1.0,We are Each Other’s Democracy: The Emergence of New Political Subjectivities and Solidarities during the Anti-Martial Law Protests in South Korea,Yoonkyung Lee,Critical Asian Studies,10.1080/14672715.2025.2531453,https://doi.org/10.1080/14672715.2025.2531453,crossref_title_static,Verified via static CrossRef title search (score: 1.00),96.87,0,0,0,0.0,0.0,0.0
"Moon, Chung-in and Byung-joon Jun. 2011. ""Christianity and Anti-Communism in South Korea: The Origins of Conservative Ideology."" Pacific Affairs 84(3): 515-537.",journal_article,Christianity and Anti-Communism in South Korea: The Origins of Conservative Ideology,"Moon, Chung-in | Jun, Byung-joon",2011,Pacific Affairs,84,3,515-537,,,,,,,not_found,0.0,,,,,,web_search,"The citation remains unverified after exact-title and coordinate searches. I found no affirmative primary-source evidence proving that this specific article exists as cited, but also no conclusive primary record establishing a fabricated title or a different article occupying those exact pages.",252.56,49519,1413,4,0.011599,0.04,0.051599
"Neundorf, Anja and Grigore Pop-Elches. 2020. ""Dictators and Their Subjects: Authoritarian Attitudinal Effects and Legacies."" Comparative Political Studies 53(12): 1839-1860.",journal_article,Dictators and Their Subjects: Authoritarian Attitudinal Effects and Legacies,"Neundorf, Anja | Pop-Elches, Grigore",2020,Comparative Political Studies,53,12,1839-1860,,,,,,,verified,1.0,Dictators and Their Subjects: Authoritarian Attitudinal Effects and Legacies,Anja Neundorf | Grigore Pop-Eleches,Comparative Political Studies,10.1177/0010414020926203,https://journals.sagepub.com/doi/10.1177/0010414020926203,web_search,All substantive bibliographic fields match; the differences are only capitalization and omission of the DOI.,224.98,35644,870,1,0.008173,0.01,0.018173
"Park, Jong Hee. 2025. ""Democratic Resilience and Vulnerability in South Korea: Lessons from South Korea's 2024-2025 Constitutional Crisis."" Pacific Affairs 98(2)): 317-332.",journal_article,Democratic Resilience and Vulnerability in South Korea: Lessons from South Korea's 2024-2025 Constitutional Crisis,"Park, Jong Hee",2025,Pacific Affairs,98,2,317-332,,,,,,,verified,0.9692307692307691,Perspective Democratic Resilience and Vulnerability in South Korea: Lessons from South Korea’s 2024–2025 Constitutional Crisis,Jong Hee Park,Pacific Affairs,10.5509/2025982-art2,https://doi.org/10.5509/2025982-art2,crossref_title_static,Verified via static CrossRef title search (score: 0.97),98.22,0,0,0,0.0,0.0,0.0
"Park, Myung-Lim. 2011. ""Generational Change and Political Cleavages in Korea."" Asian Survey 51(2): 337-358.",journal_article,Generational Change and Political Cleavages in Korea,"Park, Myung-Lim",2011,Asian Survey,51,2,337-358,,,,,,,hallucination,1.0,“Human Security and Development in the Lao PDR: Freedom from Fear and Freedom from Want” — pp. 333–355; “Negotiating the Haze Treaty: Rationality and Institutions in the Negotiations for the ASEAN Agreement on Transboundary Haze Pollution (2002)” — pp. 356–378,Brendan Howe | Kearrin Sims | Paruedee Nguitragool,"*Asian Survey*, volume 51, issue 2, March/April 2011",,https://online.ucpress.edu/as/issue/51/2,web_search,"The cited title, author, and page range cannot identify a single real article in the stated issue. The page range appears to combine portions of two different articles.",229.08,31182,1186,1,0.00766,0.01,0.01766
"Rustow, Dankwart A. 1970. ""Transitions to democracy: Toward a dynamic model."" Comparative Politics 2(3): 337-363.",journal_article,Transitions to democracy: Toward a dynamic model,"Rustow, Dankwart A.",1970,Comparative Politics,2,3,337-363,,,,,,,verified,1.0,Transitions to Democracy: Toward a Dynamic Model,Dankwart A. Rustow,Comparative Politics,10.2307/421307,https://doi.org/10.2307/421307,crossref_title_static,Verified via static CrossRef title search (score: 1.00),98.55,0,0,0,0.0,0.0,0.0
"Shin, Gi-Wook. 2012. ""Generation, Ideology, and Partisanship in South Korea."" Journal of East Asian Studies 12(3): 381-403.",journal_article,"Generation, Ideology, and Partisanship in South Korea","Shin, Gi-Wook",2012,Journal of East Asian Studies,12,3,381-403,,,,,,,hallucination,0.99,Electoral Consequences of Municipal Mergers,Kay Shimizu,Journal of East Asian Studies,,https://www.cambridge.org/core/journals/journal-of-east-asian-studies/volume/084CDFB2AC54453459BD63E227D33B22,web_search,"The cited title and author are not supported by the official issue record. Pages 381–403 fall within Kay Shimizu’s article, “Electoral Consequences of Municipal Mergers,” in volume 12, issue 3, pages 381–408.",224.08,36340,939,1,0.008395,0.01,0.018395
"Shin, Gi-Wook. 2025. ""Is South Korea's New President Good for Democracy?"" Accessed: https://www.journalofdemocracy.org/online-exclusive/is-south-koreas-new-president-good-for-democracy/ ",web,Is South Korea's New President Good for Democracy?,"Shin, Gi-Wook",2025,,,,,,,,,https://www.journalofdemocracy.org/online-exclusive/is-south-koreas-new-preside,,verified,0.99,Is South Korea’s New President Good for Democracy?,Gi-Wook Shin,Journal of Democracy,,https://www.journalofdemocracy.org/online-exclusive/is-south-koreas-new-president-good-for-democracy/,web_search,"The official page is dated June 2025, consistent with the cited year 2025. The title, author, publication year, and URL identify the same web article.",221.94,25769,755,0,0.00606,0.0,0.00606
"Sneider, Noah. 2025. ""How Two Duelling History Influencers Explain South Korea's Polarised Politics."" The Economist. October 3, 2025.",web,How Two Duelling History Influencers Explain South Korea's Polarised Politics,"Sneider, Noah",2025,The Economist,,,,,,,,,,verified,0.95,How Two Duelling History Influencers Explain South Korea’s Polarised Politics,Noah Sneider,The Economist,,,web_search,"The direct Economist page was identified but could not be fetched because it returned a payment-required error. The cited web article appears to exist with matching title, author, publication, and date.",226.22,30623,1011,1,0.007338,0.01,0.017338
