raw_text,citation_type,title,authors,year,journal,volume,issue,pages,doi,isbn,book_title,publisher,url,date_accessed
"Altieri, E. (2013, July 30). First medical marijuana sale reported in Washington, DC. National Organization for the Reform of Marijuana Laws. Retrieved from https://www.google.com/search?q=NORML&rlz=1C1CHBF_enUS726US726&oq=NORML&aqs=chrome..69i57j69i60l4j0.3559j0j7&sourceid=chrome&ie=UTF-8",web,"First medical marijuana sale reported in Washington, DC","Altieri, E.",2013,National Organization for the Reform of Marijuana Laws,,,,,,,,https://www.google.com/search?q=NORML&rlz=1C1CHBF_enUS726US726&oq=NORML&aqs=chrome..69i57j69i60l4j0.3559j0j7&sourceid=chrome&ie=UTF-8,
"Bernasco, W., & Block, R. L. (2010). Robberies in Chicago: A block-level analysis of the influence of crime generators, crime attractors, and offender anchor points. Journal of Research in Crime & Delinquency 48(1): 33-57.",journal_article,"Robberies in Chicago: A block-level analysis of the influence of crime generators, crime attractors, and offender anchor points","Bernasco, W. | Block, R. L.",2010,Journal of Research in Crime & Delinquency,48,(1),33-57,,,,,,
"Boggess, L.N., Pérez, D. M., Cope, K., Root, C., & Stretesky, P. B. (2014). Do medical marijuana centers behave like locally undesirable land uses? Implications for the geography of health and environmental justice. Urban Geography, 35(3), 315-336.",journal_article,Do medical marijuana centers behave like locally undesirable land uses? Implications for the geography of health and environmental justice,"Boggess, L.N. | Pérez, D. M. | Cope, K. | Root, C. | Stretesky, P. B.",2014,Urban Geography,35,(3),315-336,,,,,,
"Bostwick, M. J. (2012). Blurred boundaries: the therapeutics and politics of medical marijuana. Mayo Clinic Proceedings, 87(2): 172-186",journal_article,Blurred boundaries: the therapeutics and politics of medical marijuana,"Bostwick, M. J.",2012,Mayo Clinic Proceedings,87,(2),172-186,,,,,,
"Boyd, S. J., Fang, L. J., Medoff, D. R., Dixon, L. B., & Gorelick, D. A. (2012). Use of a ‘microecological technique’ to study crime incidents around methadone maintenance treatment centers. Addiction 107(9): 1632-1638.",journal_article,Use of a ‘microecological technique’ to study crime incidents around methadone maintenance treatment centers,"Boyd, S. J. | Fang, L. J. | Medoff, D. R. | Dixon, L. B. | Gorelick, D. A.",2012,Addiction,107,(9),1632-1638,,,,,,
"Braga, A. A., Papachristos, A. V. & Hureau, D. M. (2010). The concentration and stability of gun violence at micro places in Boston, 1980-2008. Journal of Quantitative Criminology 26(1): 33-53.",journal_article,"The concentration and stability of gun violence at micro places in Boston, 1980-2008","Braga, A. A. | Papachristos, A. V. | Hureau, D. M.",2010,Journal of Quantitative Criminology,26,(1),33-53,,,,,,
"Braga, A. A., Hureau, D. M. & Papachristos A. V. (2011). An ex post facto evaluation framework for place-based police interventions. Evaluation Review 35(6): 592-626.",journal_article,An ex post facto evaluation framework for place-based police interventions,"Braga, A. A. | Hureau, D. M. | Papachristos A. V.",2011,Evaluation Review,35,(6),592-626,,,,,,
"Brantingham, P., & Brantingham, P. (1995). Criminality of place. European Journal on Criminal Policy and Research 3(3): 5-26.",journal_article,Criminality of place,"Brantingham, P. | Brantingham, P.",1995,European Journal on Criminal Policy and Research,3,(3),5-26,,,,,,
"Brinkman, J., & Mok-Lamme, D. (2017). Not in my backyard? Not so fast. The effect of marijuana legalization on neighborhood crime. FRB of Philadelphia Working Paper No. 17-19. Available at SSRN: https://ssrn.com/abstract=3005262",working_paper,Not in my backyard? Not so fast. The effect of marijuana legalization on neighborhood crime,"Brinkman, J. | Mok-Lamme, D.",2017,SSRN,,17-19,,,,,,https://ssrn.com/abstract=3005262,
California Chiefs of Police Association. (2009). White paper on marijuana dispensaries. Retrieved from https://www.procon.org/sourcefiles/CAPCAWhitePaperonMarijuanaDispensaries.pdf,web,White paper on marijuana dispensaries,California Chiefs of Police Association.,2009,,,,,,,,,https://www.procon.org/sourcefiles/CAPCAWhitePaperonMarijuanaDispensaries.pdf,
"Cerdá, M., Wall, M., Keyes, K. M., Galea, S., & Hasin, D. (2012). Medical marijuana laws in 50 states: Investigating the relationship between state legalization of medical marijuana and marijuana use, abuse and dependence. Drug and Alcohol Dependence, 120(1), 22- 27.",journal_article,"Medical marijuana laws in 50 states: Investigating the relationship between state legalization of medical marijuana and marijuana use, abuse and dependence","Cerdá, M. | Wall, M. | Keyes, K. M. | Galea, S. | Hasin, D.",2012,Drug and Alcohol Dependence,120,(1),22- 27,,,,,,
"Cohen, L. E., and Felson, M. (1979). Social change and crime rate trends: A routine activity approach. American Sociological Review, 44(4), 588-608",journal_article,Social change and crime rate trends: A routine activity approach,"Cohen, L. E. | Felson, M.",1979,American Sociological Review,44,(4),588-608,,,,,,
"Caulkins, J. P., Kilmer, B., & Kleiman, M. A. (2016). Marijuana Legalization: What Everyone Needs to Know. Oxford, England: Oxford University Press.",book,Marijuana Legalization: What Everyone Needs to Know,"Caulkins, J. P. | Kilmer, B. | Kleiman, M. A.",2016,,,,,,9780190262419,Marijuana Legalization: What Everyone Needs to Know,Oxford University Press,,
"Chang, T. Y., & Jacobson, M. (2017). Going to pot? The impact of dispensary closures on crime. Journal of urban economics, 100, 120-136.",journal_article,Going to pot? The impact of dispensary closures on crime,"Chang, T. Y. | Jacobson, M.",2017,Journal of urban economics,100,,120-136,,,,,,
"Contreras, C. (2017). A block-level analysis of medical marijuana dispensaries and crime in the city of Los Angeles. Justice Quarterly 34(6): 1069-1095.",journal_article,A block-level analysis of medical marijuana dispensaries and crime in the city of Los Angeles,"Contreras, C.",2017,Justice Quarterly,34,(6),1069-1095,,,,,,
"Dragone, D., Prarolo, G., Vanin, P. P., & Zanella, G. (2017). Crime and the legalization of recreational marijuana. IZA institute of Labor Economics Working Paper No. 10522. Available at: https://www.econstor.eu/bitstream/10419/161145/1/dp10522.pdf",working_paper,Crime and the legalization of recreational marijuana,"Dragone, D. | Prarolo, G. | Vanin, P. P. | Zanella, G.",2017,IZA institute of Labor Economics,,10522,,,,,,https://www.econstor.eu/bitstream/10419/161145/1/dp10522.pdf,
"Eck, J. E., Clarke, R. V. & Guerette, R. T. (2007). Risky facilities: Crime concentration in homogeneous sets of establishments and facilities. Crime Prevention Studies 21: 225-264.",book_chapter,Risky facilities: Crime concentration in homogeneous sets of establishments and facilities,"Eck, J. E. | Clarke, R. V. | Guerette, R. T.",2007,Crime Prevention Studies,21,,225-264,,,,,,
"Eck, J. E., & Weisburd, D. (1995). Crime places in crime theory. Crime Prevention Studies 4: 1-33.",book_chapter,Crime places in crime theory,"Eck, J. E. | Weisburd, D.",1995,Crime Prevention Studies,4,,1-33,,,,,,
"Freisthler, B., Ponicki, W. R., Gaidus, A., & Gruenwald, P. J. (2016). A micro-temporal geospatial analysis of medical marijuana dispensaries and crime in Long Beach, California. Addiction 111(6): 1027-1035.",journal_article,"A micro-temporal geospatial analysis of medical marijuana dispensaries and crime in Long Beach, California","Freisthler, B. | Ponicki, W. R. | Gaidus, A. | Gruenwald, P. J.",2016,Addiction,111,(6),1027-1035,,,,,,
"Freisthler, B., Kepple, N. J., Sims, R., & Martin, S. E. (2013). Evaluating Medical Marijuana Dispensary Policies: Spatial Methods for the Study of Environmentally Based -Interventions. American journal of community psychology, 51(1-2), 278-288.",journal_article,Evaluating Medical Marijuana Dispensary Policies: Spatial Methods for the Study of Environmentally Based -Interventions,"Freisthler, B. | Kepple, N. J. | Sims, R. | Martin, S. E.",2013,American journal of community psychology,51,(1-2),278-288,,,,,,
"Freisthler, B., Gaidus, A., Tam, C., Ponicki, W. R., & Gruenewald, P. J. (2017). From medical to recreational marijuana sales: marijuana outlets and crime in an era of changing marijuana legislation. The Journal of Primary Prevention, 38(3), 249-263.",journal_article,From medical to recreational marijuana sales: marijuana outlets and crime in an era of changing marijuana legislation,"Freisthler, B. | Gaidus, A. | Tam, C. | Ponicki, W. R. | Gruenewald, P. J.",2017,The Journal of Primary Prevention,38,(3),249-263,,,,,,
"Furr-Holden, C. D. M., Milam, A. J., Nesoff, E. D., Johnson, R. M., Fakunle, D. O., Jennings, J. M., & Thorpe Jr., R. J. (2016). Not in my back yard: A comparative analysis of crime around publicly funded drug treatment centers, liquor stores, convenience stores, and corner stores in one mid-Atlantic city. Journal of Studies on Alcohol and Drugs 77(1): 17-24.",journal_article,"Not in my back yard: A comparative analysis of crime around publicly funded drug treatment centers, liquor stores, convenience stores, and corner stores in one mid-Atlantic city","Furr-Holden, C. D. M. | Milam, A. J. | Nesoff, E. D. | Johnson, R. M. | Fakunle, D. O. | Jennings, J. M. | Thorpe Jr., R. J.",2016,Journal of Studies on Alcohol and Drugs,77,(1),17-24,,,,,,
"Huber, A., III, Newman, R., & Lafave, D. (2016). Cannabis Control and Crime: Medicinal Use, Depenalization and the War on Drugs. The B.E. Journal of Economic Analysis & Policy, 16(4). doi:10.1515/bejeap-2015-0167",journal_article,"Cannabis Control and Crime: Medicinal Use, Depenalization and the War on Drugs","Huber, A. | III, Newman, R. | Lafave, D.",2016,The B.E. Journal of Economic Analysis & Policy,16,(4),,10.1515/bejeap-2015-0167,,,,,
"Hunt, P., Pacula, R. L., & Weinberger, G. (2018). High on Crime? Exploring the Effects of Marijuana Dispensary Laws on Crime in California Counties",unknown,High on Crime? Exploring the Effects of Marijuana Dispensary Laws on Crime in California Counties,"Hunt, P. | Pacula, R. L. | Weinberger, G.",2018,,,,,,,,,,
"Hudak, J. (2014). Colorado's rollout of legal marijuana is succeeding: a report on the state's implementation of legalization. Case W. Res. L. Rev., 65, 649.",law_review,Colorado's rollout of legal marijuana is succeeding: a report on the state's implementation of legalization,"Hudak, J.",2014,Case W. Res. L. Rev.,65,,649,,,,,,
"Jacobs, J. (1961). The death and life of great American cities. New York: Penguin",book,The death and life of great American cities,"Jacobs, J.",1961,,,,,,9781448180288,The death and life of great American cities,Penguin,,
"Kepple, N. J., & Freisthler, B. (2012). Exploring the ecological association between crime and medical marijuana dispensaries. Journal of Studies on Alcohol and Drugs 74(3): 532-530.",journal_article,Exploring the ecological association between crime and medical marijuana dispensaries,"Kepple, N. J. | Freisthler, B.",2012,Journal of Studies on Alcohol and Drugs,74,(3),532-530,,,,,,
"Kim, Y. (2016). Examining the relationship between the structural characteristics of place and crime by imputing census block data in street segments: Is the pain worth the gain? Journal of Quantitative Criminology, Online First.",journal_article,Examining the relationship between the structural characteristics of place and crime by imputing census block data in street segments: Is the pain worth the gain?,"Kim, Y.",2016,Journal of Quantitative Criminology,,,,,,,,,
"Li, H., Graham, D. J. & Majumdar, A. (2013). The impacts of speed cameras on road accidents: An application of propensity score matching methods. Accident Analysis & Prevention 60: 148-157.",journal_article,The impacts of speed cameras on road accidents: An application of propensity score matching methods,"Li, H. | Graham, D. J. | Majumdar, A.",2013,Accident Analysis & Prevention,60,,148-157,,,,,,
"Lofholm, N., and Ingold, J. (2011). Medical-marijuana dispensaries’ effect on crime unclear. The Denver Post. Retrieved from https://www.denverpost.com/2011/01/23/medical-marijuana-dispensaries-effect-on-crime-unclear/",web,Medical-marijuana dispensaries’ effect on crime unclear,"Lofholm, N. | Ingold, J.",2011,The Denver Post,,,,,,,,https://www.denverpost.com/2011/01/23/medical-marijuana-dispensaries-effect-on-crime-unclear/,
"McGhee, T. (2017, October 25). GPS tracker on stolen cash led Denver police to four alleged pot shop robbers. The Denver Post. Retrieved from http://www.denverpost.com/2017/10/25/marijuana-shop-robbery-suspects-caught-gps/",web,GPS tracker on stolen cash led Denver police to four alleged pot shop robbers,"McGhee, T.",2017,The Denver Post,,,,,,,,http://www.denverpost.com/2017/10/25/marijuana-shop-robbery-suspects-caught-gps/,
"Morris, R. G., Teneyck, M., Barnes, J. C., & Kovandzic, T. V. (2014). The effect of medical marijuana laws on crime: Evidence from state panel data, 1990-2006. Plos One, 9(3), 1-7.",journal_article,"The effect of medical marijuana laws on crime: Evidence from state panel data, 1990-2006","Morris, R. G. | Teneyck, M. | Barnes, J. C. | Kovandzic, T. V.",2014,Plos One,9,(3),1-7,,,,,,
"Németh, J., & Ross, E. (2014). Planning for marijuana: The cannabis conundrum. Journal of the American Planning Association, 80(1), 6-20.",journal_article,Planning for marijuana: The cannabis conundrum,"Németh, J. | Ross, E.",2014,Journal of the American Planning Association,80,(1),6-20,,,,,,
"Oberwittler, D., & Wikstrom, P. H. (2009). Why small is better: Advancing the study of the role of behavioral contexts in crime causation. In Putting crime in its place: Units of analysis in geographic criminology. Eds. Weisburd, David, Wim Bernasco, and Gerben J.N. Bruinsma. Springer: New York, NY.",book_chapter,Why small is better: Advancing the study of the role of behavioral contexts in crime causation,"Oberwittler, D. | Wikstrom, P. H.",2009,,,,,,,Putting crime in its place: Units of analysis in geographic criminology,Springer,,
"O'connell, T. J., & Bou-Matar, C. B. (2007). Long term marijuana users seeking medical cannabis in California (2001-2007): demographics, social characteristics, patterns of cannabis and other drug use of 4117 applicants. Harm reduction journal, 4(1), 16.",journal_article,"Long term marijuana users seeking medical cannabis in California (2001-2007): demographics, social characteristics, patterns of cannabis and other drug use of 4117 applicants","O'connell, T. J. | Bou-Matar, C. B.",2007,Harm reduction journal,4,(1),16,,,,,,
"Ratcliffe, J. H. (2012). The spatial extent of criminogenic places: A changepoint regression of violence around bars. Geographical Analysis 44(4): 302-320.",journal_article,The spatial extent of criminogenic places: A changepoint regression of violence around bars,"Ratcliffe, J. H.",2012,Geographical Analysis,44,(4),302-320,,,,,,
"Reilly, R. J., & Wing, N. (2013). Washington, D.C.’s first medical marijuana dispensary opens blocks from capitol. Huffington Post. Retrieved from http://www.huffingtonpost.com/2013/07/30/washington-dc-medical-marijuana-dispensary_n_3676943.html",web,"Washington, D.C.’s first medical marijuana dispensary opens blocks from capitol","Reilly, R. J. | Wing, N.",2013,Huffington Post,,,,,,,,http://www.huffingtonpost.com/2013/07/30/washington-dc-medical-marijuana-dispensary_n_3676943.html,9/22/2017
"Ryan Ibarra, S., Induni, M., & Ewing, D. (2015). Prevalence of medical marijuana use in -California, 2012. Drug and alcohol review, 34(2), 141-146.",journal_article,"Prevalence of medical marijuana use in California, 2012","Ryan Ibarra, S. | Induni, M. | Ewing, D.",2015,Drug and alcohol review,34,(2),141-146,,,,,,
"Schmid, C. F. (1960). Urban crime areas: Part II. American Sociological Review 25(5): 655-678.",journal_article,Urban crime areas: Part II,"Schmid, C. F.",1960,American Sociological Review,25,(5),655-678,,,,,,
"Shaw, C. R., & McKay, H. D. (1969). Juvenile delinquency in urban areas: A study of rates of delinquency in relation to differential characteristics of local communities in American cities. 2nd ed. University of Chicago Press: Chicago, IL.",book,Juvenile delinquency in urban areas: A study of rates of delinquency in relation to differential characteristics of local communities in American cities,"Shaw, C. R. | McKay, H. D.",1969,,,,,,,Juvenile delinquency in urban areas: A study of rates of delinquency in relation to differential characteristics of local communities in American cities,University of Chicago Press,,
"Shepard E. M. & Blackley, P. R. (2016). Medical marijuana and crime: Further evidence from the western states. Journal of Drug Issues, 46(2) 122-134.",journal_article,Medical marijuana and crime: Further evidence from the western states,"Shepard E. M. | Blackley, P. R.",2016,Journal of Drug Issues,46,(2),122-134,,,,,,
"Singleton, A., & Brunsdon, C. (2014). Escaping the pushpin paradigm in geographic information science: (Re)presenting national crime data. Area 46(3): 294-304.",journal_article,Escaping the pushpin paradigm in geographic information science: (Re)presenting national crime data,"Singleton, A. | Brunsdon, C.",2014,Area,46,(3),294-304,,,,,,
"Stimson, B. (2017, September 9). Pot dispensary worker pistol-whipped, robbed during transaction. The National Broadcasting Company: San Diego. Retrieved from https://www.nbcsandiego.com/news/-local/Pot-Dispensary-Workers-Pistol-whipped-Robbed--443515983.html",web,"Pot dispensary worker pistol-whipped, robbed during transaction","Stimson, B.",2017,The National Broadcasting Company: San Diego,,,,,,,,https://www.nbcsandiego.com/news/-local/Pot-Dispensary-Workers-Pistol-whipped-Robbed--443515983.html,
"Tighe, P. A. (2015). Underbanked: Cooperative Banking as a Potential Solution to the Marijuana-Banking Problem. Michigan Law Review, 114, 803.",law_review,Underbanked: Cooperative Banking as a Potential Solution to the Marijuana-Banking Problem,"Tighe, P. A.",2015,Michigan Law Review,114,,803,,,,,,
Weedmaps. (n.d.). Retrieved from https://weedmaps.com/earth/us/dc/washington,web,,Weedmaps.,,,,,,,,,,https://weedmaps.com/earth/us/dc/washington,
"Weisburd, D. (2015). The law of crime concentration and the criminology of place. Criminology 53(2): 133-157.",journal_article,The law of crime concentration and the criminology of place,"Weisburd, D.",2015,Criminology,53,(2),133-157,,,,,,
"Weisburd, D., Bushway, S. D. Lum, C., & Yang, S. (2004). Trajectories of crime at places: A longitudinal study of street segments in the city of Seattle. Criminology 42(2): 283-322.",journal_article,Trajectories of crime at places: A longitudinal study of street segments in the city of Seattle,"Weisburd, D. | Bushway, S. D. | Lum, C. | Yang, S.",2004,Criminology,42,(2),283-322,,,,,,
"Wheeler, A. P. (2017). The effect of 311 calls for service on crime in D.C. at microplaces. Crime & Delinquency, Online First.",journal_article,The effect of 311 calls for service on crime in D.C. at microplaces,"Wheeler, A. P.",2017,Crime & Delinquency,,,,,,,,,
"Wilcox, P., & Eck, J. E. (2011). Criminology of the unpopular. Criminology & Public Policy 10(2): 473-482.",journal_article,Criminology of the unpopular,"Wilcox, P. | Eck, J. E.",2011,Criminology & Public Policy,10,(2),473-482,,,,,,
"Wilcox, P., Quisenberry, N., Cabrera, D. T. & Jones, S. (2004). Busy places and broken windows? Toward defining the role of physical structure and process in community crime models. Sociological Quarterly 45(2): 185-207.",journal_article,Busy places and broken windows? Toward defining the role of physical structure and process in community crime models,"Wilcox, P. | Quisenberry, N. | Cabrera, D. T. | Jones, S.",2004,Sociological Quarterly,45,(2),185-207,,,,,,
"Wilkinson, L. (1999). Dot plots. The American Statistician 53(3): 276-281.",journal_article,Dot plots,"Wilkinson, L.",1999,The American Statistician,53,(3),276-281,,,,,,
"Wooldredge, J. (2002). Examining the (ir) relevance of aggregation bias for multilevel studies of neighborhoods and crime with an example comparing census tracts to official neighborhoods in Cincinnati. Criminology, 40(3), 681-710.",journal_article,Examining the (ir) relevance of aggregation bias for multilevel studies of neighborhoods and crime with an example comparing census tracts to official neighborhoods in Cincinnati,"Wooldredge, J.",2002,Criminology,40,(3),681-710,,,,,,
